{
 "chain_iptm": [
  0.52,
  0.7,
  0.68,
  0.68,
  0.66,
  0.67,
  0.67,
  0.67,
  0.68,
  0.64,
  0.64
 ],
 "chain_pair_iptm": [
  [
   0.47,
   0.67,
   0.46,
   0.63,
   0.44,
   0.46,
   0.46,
   0.49,
   0.53,
   0.5,
   0.5
  ],
  [
   0.67,
   0.73,
   0.67,
   0.78,
   0.69,
   0.73,
   0.7,
   0.72,
   0.7,
   0.66,
   0.66
  ],
  [
   0.46,
   0.67,
   0.73,
   0.7,
   0.77,
   0.7,
   0.74,
   0.7,
   0.72,
   0.66,
   0.66
  ],
  [
   0.63,
   0.78,
   0.7,
   0.68,
   0.66,
   0.67,
   0.65,
   0.69,
   0.69,
   0.67,
   0.66
  ],
  [
   0.44,
   0.69,
   0.77,
   0.66,
   0.68,
   0.65,
   0.67,
   0.68,
   0.69,
   0.67,
   0.67
  ],
  [
   0.46,
   0.73,
   0.7,
   0.67,
   0.65,
   0.65,
   0.66,
   0.76,
   0.69,
   0.68,
   0.68
  ],
  [
   0.46,
   0.7,
   0.74,
   0.65,
   0.67,
   0.66,
   0.65,
   0.69,
   0.76,
   0.68,
   0.68
  ],
  [
   0.49,
   0.72,
   0.7,
   0.69,
   0.68,
   0.76,
   0.69,
   0.69,
   0.65,
   0.66,
   0.66
  ],
  [
   0.53,
   0.7,
   0.72,
   0.69,
   0.69,
   0.69,
   0.76,
   0.65,
   0.69,
   0.66,
   0.66
  ],
  [
   0.5,
   0.66,
   0.66,
   0.67,
   0.67,
   0.68,
   0.68,
   0.66,
   0.66,
   0.49,
   0.6
  ],
  [
   0.5,
   0.66,
   0.66,
   0.66,
   0.67,
   0.68,
   0.68,
   0.66,
   0.66,
   0.6,
   0.49
  ]
 ],
 "chain_pair_pae_min": [
  [
   0.76,
   2.82,
   7.15,
   2.52,
   6.66,
   6.22,
   5.28,
   5.44,
   5.17,
   9.12,
   8.88
  ],
  [
   1.87,
   0.76,
   1.55,
   1.18,
   1.92,
   1.44,
   1.99,
   1.35,
   2.01,
   4.1,
   3.84
  ],
  [
   3.63,
   1.61,
   0.76,
   1.94,
   1.23,
   2.02,
   1.52,
   1.98,
   1.4,
   3.59,
   4.1
  ],
  [
   1.9,
   1.3,
   1.63,
   0.76,
   1.68,
   1.93,
   2.17,
   1.27,
   1.64,
   4.68,
   4.02
  ],
  [
   3.64,
   1.63,
   1.3,
   1.69,
   0.76,
   2.23,
   1.96,
   1.65,
   1.36,
   3.63,
   4.31
  ],
  [
   3.65,
   1.38,
   1.92,
   1.89,
   2.1,
   0.76,
   1.16,
   1.08,
   1.98,
   2.68,
   2.5
  ],
  [
   3.48,
   1.96,
   1.4,
   2.15,
   1.87,
   1.16,
   0.76,
   1.95,
   1.14,
   2.66,
   2.71
  ],
  [
   3.58,
   1.36,
   2.0,
   1.51,
   1.45,
   1.16,
   1.83,
   0.76,
   1.99,
   3.36,
   2.93
  ],
  [
   3.14,
   1.99,
   1.4,
   1.46,
   1.55,
   1.85,
   1.2,
   2.01,
   0.76,
   3.19,
   3.45
  ],
  [
   6.88,
   3.3,
   3.02,
   2.82,
   3.84,
   3.07,
   2.52,
   3.28,
   4.26,
   0.79,
   1.32
  ],
  [
   6.92,
   2.7,
   3.35,
   3.54,
   2.62,
   2.7,
   3.15,
   4.86,
   3.49,
   1.34,
   0.79
  ]
 ],
 "chain_ptm": [
  0.47,
  0.73,
  0.73,
  0.68,
  0.68,
  0.65,
  0.65,
  0.69,
  0.69,
  0.49,
  0.49
 ],
 "fraction_disordered": 0.38,
 "has_clash": 0.0,
 "iptm": 0.72,
 "num_recycles": 10.0,
 "ptm": 0.73,
 "ranking_score": 0.91
}