{
 "chain_iptm": [
  0.51,
  0.69,
  0.67,
  0.68,
  0.66,
  0.67,
  0.67,
  0.67,
  0.67,
  0.64,
  0.64
 ],
 "chain_pair_iptm": [
  [
   0.46,
   0.66,
   0.45,
   0.63,
   0.43,
   0.45,
   0.45,
   0.48,
   0.53,
   0.49,
   0.49
  ],
  [
   0.66,
   0.73,
   0.67,
   0.78,
   0.69,
   0.73,
   0.7,
   0.72,
   0.7,
   0.65,
   0.65
  ],
  [
   0.45,
   0.67,
   0.73,
   0.69,
   0.77,
   0.7,
   0.73,
   0.7,
   0.72,
   0.65,
   0.65
  ],
  [
   0.63,
   0.78,
   0.69,
   0.68,
   0.66,
   0.67,
   0.65,
   0.69,
   0.69,
   0.66,
   0.66
  ],
  [
   0.43,
   0.69,
   0.77,
   0.66,
   0.68,
   0.65,
   0.67,
   0.68,
   0.69,
   0.66,
   0.67
  ],
  [
   0.45,
   0.73,
   0.7,
   0.67,
   0.65,
   0.65,
   0.65,
   0.76,
   0.69,
   0.68,
   0.68
  ],
  [
   0.45,
   0.7,
   0.73,
   0.65,
   0.67,
   0.65,
   0.65,
   0.69,
   0.76,
   0.68,
   0.68
  ],
  [
   0.48,
   0.72,
   0.7,
   0.69,
   0.68,
   0.76,
   0.69,
   0.69,
   0.64,
   0.66,
   0.66
  ],
  [
   0.53,
   0.7,
   0.72,
   0.69,
   0.69,
   0.69,
   0.76,
   0.64,
   0.69,
   0.66,
   0.66
  ],
  [
   0.49,
   0.65,
   0.65,
   0.66,
   0.66,
   0.68,
   0.68,
   0.66,
   0.66,
   0.49,
   0.6
  ],
  [
   0.49,
   0.65,
   0.65,
   0.66,
   0.67,
   0.68,
   0.68,
   0.66,
   0.66,
   0.6,
   0.49
  ]
 ],
 "chain_pair_pae_min": [
  [
   0.76,
   2.83,
   7.17,
   2.49,
   6.73,
   6.39,
   5.28,
   5.59,
   5.27,
   9.1,
   9.07
  ],
  [
   1.87,
   0.76,
   1.59,
   1.19,
   1.93,
   1.44,
   2.0,
   1.34,
   2.01,
   4.19,
   3.79
  ],
  [
   3.71,
   1.64,
   0.76,
   1.93,
   1.25,
   2.04,
   1.53,
   1.98,
   1.39,
   3.61,
   4.11
  ],
  [
   1.89,
   1.3,
   1.65,
   0.76,
   1.68,
   1.95,
   2.18,
   1.29,
   1.65,
   4.53,
   4.08
  ],
  [
   3.8,
   1.65,
   1.31,
   1.69,
   0.76,
   2.24,
   2.0,
   1.69,
   1.36,
   3.69,
   4.48
  ],
  [
   3.61,
   1.41,
   1.92,
   1.91,
   2.11,
   0.76,
   1.17,
   1.1,
   1.98,
   2.84,
   2.5
  ],
  [
   3.52,
   1.96,
   1.44,
   2.13,
   1.92,
   1.17,
   0.76,
   1.96,
   1.14,
   2.68,
   2.86
  ],
  [
   3.59,
   1.35,
   1.99,
   1.55,
   1.44,
   1.18,
   1.83,
   0.76,
   2.03,
   3.5,
   3.02
  ],
  [
   3.13,
   1.99,
   1.41,
   1.46,
   1.59,
   1.85,
   1.22,
   2.03,
   0.76,
   3.17,
   3.53
  ],
  [
   6.77,
   3.38,
   2.93,
   2.85,
   3.84,
   3.17,
   2.74,
   3.34,
   4.45,
   0.79,
   1.32
  ],
  [
   6.98,
   2.81,
   3.4,
   3.7,
   2.76,
   2.76,
   3.25,
   4.73,
   3.64,
   1.34,
   0.79
  ]
 ],
 "chain_ptm": [
  0.46,
  0.73,
  0.73,
  0.68,
  0.68,
  0.65,
  0.65,
  0.69,
  0.69,
  0.49,
  0.49
 ],
 "fraction_disordered": 0.37,
 "has_clash": 0.0,
 "iptm": 0.72,
 "num_recycles": 10.0,
 "ptm": 0.73,
 "ranking_score": 0.91
}