{
 "chain_iptm": [
  0.51,
  0.7,
  0.68,
  0.68,
  0.66,
  0.67,
  0.67,
  0.67,
  0.67,
  0.65,
  0.64
 ],
 "chain_pair_iptm": [
  [
   0.46,
   0.67,
   0.45,
   0.63,
   0.44,
   0.46,
   0.46,
   0.48,
   0.53,
   0.5,
   0.5
  ],
  [
   0.67,
   0.73,
   0.67,
   0.78,
   0.69,
   0.73,
   0.7,
   0.72,
   0.7,
   0.66,
   0.66
  ],
  [
   0.45,
   0.67,
   0.73,
   0.69,
   0.77,
   0.7,
   0.73,
   0.7,
   0.72,
   0.66,
   0.66
  ],
  [
   0.63,
   0.78,
   0.69,
   0.68,
   0.66,
   0.67,
   0.65,
   0.69,
   0.69,
   0.67,
   0.67
  ],
  [
   0.44,
   0.69,
   0.77,
   0.66,
   0.68,
   0.65,
   0.67,
   0.68,
   0.69,
   0.67,
   0.67
  ],
  [
   0.46,
   0.73,
   0.7,
   0.67,
   0.65,
   0.65,
   0.65,
   0.76,
   0.69,
   0.69,
   0.68
  ],
  [
   0.46,
   0.7,
   0.73,
   0.65,
   0.67,
   0.65,
   0.65,
   0.69,
   0.76,
   0.69,
   0.68
  ],
  [
   0.48,
   0.72,
   0.7,
   0.69,
   0.68,
   0.76,
   0.69,
   0.69,
   0.64,
   0.66,
   0.66
  ],
  [
   0.53,
   0.7,
   0.72,
   0.69,
   0.69,
   0.69,
   0.76,
   0.64,
   0.69,
   0.66,
   0.66
  ],
  [
   0.5,
   0.66,
   0.66,
   0.67,
   0.67,
   0.69,
   0.69,
   0.66,
   0.66,
   0.49,
   0.6
  ],
  [
   0.5,
   0.66,
   0.66,
   0.67,
   0.67,
   0.68,
   0.68,
   0.66,
   0.66,
   0.6,
   0.49
  ]
 ],
 "chain_pair_pae_min": [
  [
   0.76,
   2.81,
   7.1,
   2.37,
   6.74,
   6.2,
   5.23,
   5.35,
   5.17,
   9.01,
   8.88
  ],
  [
   1.85,
   0.76,
   1.56,
   1.18,
   1.92,
   1.45,
   1.98,
   1.37,
   1.99,
   4.16,
   3.84
  ],
  [
   3.65,
   1.62,
   0.76,
   1.93,
   1.24,
   2.01,
   1.52,
   2.0,
   1.41,
   3.53,
   4.14
  ],
  [
   1.86,
   1.3,
   1.63,
   0.76,
   1.68,
   1.92,
   2.15,
   1.26,
   1.62,
   4.65,
   3.94
  ],
  [
   3.75,
   1.64,
   1.3,
   1.7,
   0.76,
   2.21,
   1.94,
   1.66,
   1.35,
   3.68,
   4.42
  ],
  [
   3.6,
   1.4,
   1.93,
   1.89,
   2.1,
   0.76,
   1.16,
   1.09,
   1.98,
   2.7,
   2.54
  ],
  [
   3.44,
   1.94,
   1.42,
   2.11,
   1.87,
   1.17,
   0.76,
   1.96,
   1.14,
   2.6,
   2.75
  ],
  [
   3.61,
   1.35,
   1.98,
   1.51,
   1.46,
   1.17,
   1.84,
   0.76,
   2.03,
   3.44,
   2.89
  ],
  [
   3.14,
   2.0,
   1.39,
   1.46,
   1.56,
   1.86,
   1.2,
   2.04,
   0.76,
   3.17,
   3.48
  ],
  [
   6.65,
   3.12,
   2.79,
   2.63,
   3.67,
   3.13,
   2.59,
   3.4,
   4.24,
   0.79,
   1.34
  ],
  [
   6.78,
   2.68,
   3.15,
   3.5,
   2.64,
   2.75,
   3.16,
   4.6,
   3.42,
   1.34,
   0.79
  ]
 ],
 "chain_ptm": [
  0.46,
  0.73,
  0.73,
  0.68,
  0.68,
  0.65,
  0.65,
  0.69,
  0.69,
  0.49,
  0.49
 ],
 "fraction_disordered": 0.38,
 "has_clash": 0.0,
 "iptm": 0.72,
 "num_recycles": 10.0,
 "ptm": 0.73,
 "ranking_score": 0.91
}