{
 "chain_iptm": [
  0.5,
  0.69,
  0.67,
  0.68,
  0.66,
  0.67,
  0.67,
  0.67,
  0.67,
  0.64,
  0.64
 ],
 "chain_pair_iptm": [
  [
   0.45,
   0.66,
   0.44,
   0.62,
   0.43,
   0.45,
   0.45,
   0.48,
   0.53,
   0.48,
   0.48
  ],
  [
   0.66,
   0.73,
   0.67,
   0.77,
   0.69,
   0.73,
   0.7,
   0.72,
   0.7,
   0.65,
   0.65
  ],
  [
   0.44,
   0.67,
   0.73,
   0.69,
   0.77,
   0.7,
   0.73,
   0.7,
   0.72,
   0.66,
   0.66
  ],
  [
   0.62,
   0.77,
   0.69,
   0.68,
   0.66,
   0.67,
   0.65,
   0.7,
   0.69,
   0.67,
   0.66
  ],
  [
   0.43,
   0.69,
   0.77,
   0.66,
   0.68,
   0.65,
   0.67,
   0.68,
   0.69,
   0.66,
   0.67
  ],
  [
   0.45,
   0.73,
   0.7,
   0.67,
   0.65,
   0.65,
   0.65,
   0.77,
   0.69,
   0.68,
   0.68
  ],
  [
   0.45,
   0.7,
   0.73,
   0.65,
   0.67,
   0.65,
   0.65,
   0.69,
   0.76,
   0.68,
   0.68
  ],
  [
   0.48,
   0.72,
   0.7,
   0.7,
   0.68,
   0.77,
   0.69,
   0.69,
   0.65,
   0.66,
   0.66
  ],
  [
   0.53,
   0.7,
   0.72,
   0.69,
   0.69,
   0.69,
   0.76,
   0.65,
   0.69,
   0.66,
   0.66
  ],
  [
   0.48,
   0.65,
   0.66,
   0.67,
   0.66,
   0.68,
   0.68,
   0.66,
   0.66,
   0.49,
   0.6
  ],
  [
   0.48,
   0.65,
   0.66,
   0.66,
   0.67,
   0.68,
   0.68,
   0.66,
   0.66,
   0.6,
   0.49
  ]
 ],
 "chain_pair_pae_min": [
  [
   0.76,
   3.02,
   7.34,
   2.48,
   7.0,
   6.46,
   5.34,
   5.83,
   5.31,
   9.36,
   9.3
  ],
  [
   1.96,
   0.76,
   1.57,
   1.19,
   1.92,
   1.45,
   2.0,
   1.36,
   2.02,
   4.17,
   3.88
  ],
  [
   3.69,
   1.63,
   0.76,
   1.94,
   1.23,
   2.03,
   1.52,
   1.99,
   1.42,
   3.9,
   4.1
  ],
  [
   1.99,
   1.31,
   1.64,
   0.76,
   1.67,
   1.94,
   2.19,
   1.27,
   1.64,
   4.68,
   4.09
  ],
  [
   3.8,
   1.65,
   1.33,
   1.7,
   0.76,
   2.24,
   2.0,
   1.66,
   1.36,
   3.81,
   4.47
  ],
  [
   3.78,
   1.4,
   1.92,
   1.89,
   2.11,
   0.76,
   1.16,
   1.1,
   1.99,
   2.75,
   2.51
  ],
  [
   3.6,
   1.95,
   1.42,
   2.15,
   1.89,
   1.16,
   0.76,
   1.98,
   1.14,
   2.61,
   2.77
  ],
  [
   3.79,
   1.37,
   1.97,
   1.53,
   1.46,
   1.17,
   1.82,
   0.76,
   2.01,
   3.44,
   2.95
  ],
  [
   3.25,
   2.01,
   1.43,
   1.47,
   1.59,
   1.85,
   1.21,
   2.02,
   0.76,
   3.17,
   3.46
  ],
  [
   6.73,
   3.2,
   3.03,
   2.91,
   3.85,
   3.17,
   2.64,
   3.35,
   4.29,
   0.79,
   1.32
  ],
  [
   6.89,
   2.75,
   3.41,
   3.79,
   2.74,
   2.81,
   3.2,
   4.75,
   3.61,
   1.34,
   0.79
  ]
 ],
 "chain_ptm": [
  0.45,
  0.73,
  0.73,
  0.68,
  0.68,
  0.65,
  0.65,
  0.69,
  0.69,
  0.49,
  0.49
 ],
 "fraction_disordered": 0.38,
 "has_clash": 0.0,
 "iptm": 0.72,
 "num_recycles": 10.0,
 "ptm": 0.73,
 "ranking_score": 0.91
}