{
 "chain_iptm": [
  0.51,
  0.7,
  0.68,
  0.68,
  0.66,
  0.67,
  0.67,
  0.67,
  0.67,
  0.64,
  0.64
 ],
 "chain_pair_iptm": [
  [
   0.46,
   0.67,
   0.45,
   0.63,
   0.44,
   0.45,
   0.45,
   0.48,
   0.53,
   0.49,
   0.49
  ],
  [
   0.67,
   0.73,
   0.67,
   0.77,
   0.69,
   0.73,
   0.7,
   0.72,
   0.7,
   0.65,
   0.65
  ],
  [
   0.45,
   0.67,
   0.73,
   0.69,
   0.77,
   0.7,
   0.73,
   0.7,
   0.72,
   0.66,
   0.66
  ],
  [
   0.63,
   0.77,
   0.69,
   0.68,
   0.66,
   0.67,
   0.65,
   0.69,
   0.69,
   0.67,
   0.66
  ],
  [
   0.44,
   0.69,
   0.77,
   0.66,
   0.68,
   0.65,
   0.67,
   0.68,
   0.69,
   0.66,
   0.67
  ],
  [
   0.45,
   0.73,
   0.7,
   0.67,
   0.65,
   0.65,
   0.66,
   0.76,
   0.69,
   0.68,
   0.68
  ],
  [
   0.45,
   0.7,
   0.73,
   0.65,
   0.67,
   0.66,
   0.65,
   0.69,
   0.76,
   0.68,
   0.68
  ],
  [
   0.48,
   0.72,
   0.7,
   0.69,
   0.68,
   0.76,
   0.69,
   0.69,
   0.64,
   0.66,
   0.66
  ],
  [
   0.53,
   0.7,
   0.72,
   0.69,
   0.69,
   0.69,
   0.76,
   0.64,
   0.69,
   0.66,
   0.66
  ],
  [
   0.49,
   0.65,
   0.66,
   0.67,
   0.66,
   0.68,
   0.68,
   0.66,
   0.66,
   0.49,
   0.61
  ],
  [
   0.49,
   0.65,
   0.66,
   0.66,
   0.67,
   0.68,
   0.68,
   0.66,
   0.66,
   0.61,
   0.49
  ]
 ],
 "chain_pair_pae_min": [
  [
   0.76,
   2.89,
   7.04,
   2.54,
   6.62,
   6.37,
   5.28,
   5.51,
   5.16,
   9.08,
   9.04
  ],
  [
   1.86,
   0.76,
   1.56,
   1.19,
   1.91,
   1.43,
   1.99,
   1.34,
   2.0,
   4.11,
   3.95
  ],
  [
   3.7,
   1.62,
   0.76,
   1.91,
   1.24,
   2.04,
   1.5,
   2.01,
   1.38,
   3.69,
   4.1
  ],
  [
   1.92,
   1.3,
   1.62,
   0.76,
   1.68,
   1.94,
   2.17,
   1.27,
   1.64,
   4.6,
   4.11
  ],
  [
   3.77,
   1.63,
   1.31,
   1.69,
   0.76,
   2.24,
   1.98,
   1.68,
   1.35,
   3.69,
   4.48
  ],
  [
   3.63,
   1.4,
   1.91,
   1.92,
   2.09,
   0.76,
   1.15,
   1.09,
   1.96,
   2.7,
   2.42
  ],
  [
   3.48,
   1.94,
   1.42,
   2.12,
   1.88,
   1.15,
   0.76,
   1.94,
   1.14,
   2.51,
   2.72
  ],
  [
   3.63,
   1.35,
   1.97,
   1.52,
   1.45,
   1.18,
   1.82,
   0.76,
   2.02,
   3.47,
   2.94
  ],
  [
   3.11,
   1.99,
   1.39,
   1.45,
   1.56,
   1.83,
   1.21,
   2.02,
   0.76,
   3.14,
   3.48
  ],
  [
   6.71,
   3.3,
   2.92,
   2.75,
   3.71,
   3.11,
   2.65,
   3.22,
   4.42,
   0.79,
   1.31
  ],
  [
   6.82,
   2.88,
   3.43,
   4.01,
   2.78,
   2.78,
   3.22,
   4.63,
   3.48,
   1.32,
   0.79
  ]
 ],
 "chain_ptm": [
  0.46,
  0.73,
  0.73,
  0.68,
  0.68,
  0.65,
  0.65,
  0.69,
  0.69,
  0.49,
  0.49
 ],
 "fraction_disordered": 0.38,
 "has_clash": 0.0,
 "iptm": 0.72,
 "num_recycles": 10.0,
 "ptm": 0.73,
 "ranking_score": 0.91
}